{
  "TransE": {
    "train_losses": [
      0.7487898880785162,
      0.5153361434286291,
      0.45189642852002926,
      0.42316717884757304,
      0.40131449536843733,
      0.38406200083819303,
      0.378625485571948,
      0.36603549285368486,
      0.3655956690961664,
      0.3619707519357855,
      0.360518263686787,
      0.35872574015097186,
      0.35627116506749934,
      0.3503791017965837,
      0.3483975421298634,
      0.3471102546561848,
      0.3397818673740734,
      0.3397831076925451,
      0.33506005839868025,
      0.33023171641609883,
      0.3333886515010487,
      0.327401386607777,
      0.3258330935781652,
      0.3250005163929679,
      0.31959552602334457,
      0.3136660272424871,
      0.3061049924655394,
      0.30561247901483013,
      0.30371189144524663,
      0.29805246781219136,
      0.2988414845683358,
      0.29549933021718805,
      0.29809129265221684,
      0.2909299674359235,
      0.2933652623133226,
      0.2903406481851231,
      0.28520777902819894,
      0.2817383362488313,
      0.28332809020172467,
      0.28448329947211526,
      0.276714427633719,
      0.2749595772136341,
      0.27801531146873126,
      0.27468234300613403,
      0.27845111109993675,
      0.269577067006718,
      0.26965810602361506,
      0.27291835085912186,
      0.2690032655542547,
      0.2677627606825395
    ],
    "val_losses": [
      0.6034198924899101,
      0.516627348959446,
      0.49800414592027664,
      0.4676561877131462,
      0.4664101153612137,
      0.4372681677341461,
      0.44649746641516685,
      0.42080191522836685,
      0.44368163496255875,
      0.442547794431448,
      0.42870741337537766,
      0.4354197271168232,
      0.42116841301321983,
      0.39625025168061256,
      0.40395641699433327,
      0.41351090744137764,
      0.4066874347627163,
      0.3954182602465153,
      0.405510351061821,
      0.40289556235074997,
      0.3953314535319805,
      0.36260710656642914,
      0.3943372555077076,
      0.37908199429512024,
      0.375461645424366,
      0.3774380721151829,
      0.35021499916911125,
      0.3453959859907627,
      0.34402212128043175,
      0.34163669496774673,
      0.3486386425793171,
      0.3300723023712635,
      0.33953021466732025,
      0.3440665490925312,
      0.3156896382570267,
      0.31837305426597595,
      0.3073417395353317,
      0.3133922517299652,
      0.32017335295677185,
      0.30116117000579834,
      0.2920654881745577,
      0.2984120398759842,
      0.2903763521462679,
      0.287178847938776,
      0.31312916800379753,
      0.306065421551466,
      0.2874066010117531,
      0.2792324051260948,
      0.27891573682427406,
      0.29489947482943535
    ],
    "train_metrics": {
      "accuracy": 0.5,
      "precision": 0.0,
      "recall": 0.0,
      "f1_score": 0.0,
      "roc_auc": 0.05606514285714286,
      "average_precision": 0.31530669365158065
    },
    "val_metrics": {
      "accuracy": 0.5,
      "precision": 0.0,
      "recall": 0.0,
      "f1_score": 0.0,
      "roc_auc": 0.12422249999999999,
      "average_precision": 0.32873185325608445
    },
    "test_metrics": {
      "accuracy": 0.5,
      "precision": 0.0,
      "recall": 0.0,
      "f1_score": 0.0,
      "roc_auc": 0.12458174999999998,
      "average_precision": 0.32868411058176067
    }
  },
  "DistMult": {
    "train_losses": [
      0.6901692726395346,
      0.6570855129848827,
      0.5567316992716356,
      0.46478760784322565,
      0.42006027481772684,
      0.3939214094118638,
      0.3684437182816592,
      0.3433741211891174,
      0.31567467613653705,
      0.2932753335345875,
      0.2647079405459491,
      0.24076167995279485,
      0.21839111772450534,
      0.19602819681167602,
      0.18250823454423384,
      0.16683238771828737,
      0.15936439592729915,
      0.14732928574085236,
      0.14096521802923895,
      0.13857297585769132,
      0.1265460951761766,
      0.13053926094011828,
      0.12126071683385155,
      0.1278929821469567,
      0.11702475561337038
    ],
    "val_losses": [
      0.6832024157047272,
      0.6173519119620323,
      0.505568228662014,
      0.4495512768626213,
      0.42597538977861404,
      0.40599874407052994,
      0.39552565664052963,
      0.37586530297994614,
      0.36304399371147156,
      0.3436023071408272,
      0.3298291675746441,
      0.3219999819993973,
      0.3074835017323494,
      0.31739775463938713,
      0.30340947583317757,
      0.30899741128087044,
      0.3294854871928692,
      0.33335741609334946,
      0.3541392907500267,
      0.35516418144106865,
      0.3616583123803139,
      0.37134821712970734,
      0.40039806440472603,
      0.4145813174545765,
      0.40431319177150726
    ],
    "train_metrics": {
      "accuracy": 0.9864285714285714,
      "precision": 0.9735744089012517,
      "recall": 1.0,
      "f1_score": 0.9866102889358703,
      "roc_auc": 0.9964053673469387,
      "average_precision": 0.9958782274371143
    },
    "val_metrics": {
      "accuracy": 0.812,
      "precision": 0.8482142857142857,
      "recall": 0.76,
      "f1_score": 0.8016877637130801,
      "roc_auc": 0.927854,
      "average_precision": 0.9396014941060947
    },
    "test_metrics": {
      "accuracy": 0.81675,
      "precision": 0.8549019607843137,
      "recall": 0.763,
      "f1_score": 0.806340819022457,
      "roc_auc": 0.9254595000000001,
      "average_precision": 0.9372127177285653
    }
  },
  "ComplEx": {
    "train_losses": [
      0.6840078906579451,
      0.6081909342245622,
      0.4805674585429105,
      0.4161765293641524,
      0.37497083273800935,
      0.3352562530474229,
      0.29353436665101484,
      0.254269922321493,
      0.21842792250893334,
      0.18218023695728996,
      0.16557696813886816,
      0.15056616460735148,
      0.13279803029515527,
      0.13169722773812034,
      0.1290752428499135,
      0.11807206882671877,
      0.12192626392299478,
      0.11780754774808884,
      0.11102455380288037,
      0.11706940125335347
    ],
    "val_losses": [
      0.6641943901777267,
      0.5412421673536301,
      0.45231034234166145,
      0.4152655862271786,
      0.39413581788539886,
      0.36214982718229294,
      0.33272087574005127,
      0.31342126056551933,
      0.29489657655358315,
      0.28259037621319294,
      0.30071693658828735,
      0.3263311833143234,
      0.32586053013801575,
      0.3514164760708809,
      0.3620290756225586,
      0.4043303616344929,
      0.39594295993447304,
      0.4021814242005348,
      0.42110172659158707,
      0.4286847785115242
    ],
    "train_metrics": {
      "accuracy": 0.9872857142857143,
      "precision": 0.9753344481605352,
      "recall": 0.9998571428571429,
      "f1_score": 0.9874435665914221,
      "roc_auc": 0.9965631530612244,
      "average_precision": 0.9957184081585837
    },
    "val_metrics": {
      "accuracy": 0.807,
      "precision": 0.8388520971302428,
      "recall": 0.76,
      "f1_score": 0.7974816369359916,
      "roc_auc": 0.9282305000000001,
      "average_precision": 0.938606351618064
    },
    "test_metrics": {
      "accuracy": 0.81125,
      "precision": 0.8444936358605424,
      "recall": 0.763,
      "f1_score": 0.8016811137378513,
      "roc_auc": 0.9342450000000001,
      "average_precision": 0.9439950442136064
    }
  },
  "GCN": {
    "train_losses": [
      0.5949272583831441,
      0.20004656504500995,
      0.16302782283587888,
      0.14166373095729135,
      0.11740062616088173,
      0.10867292461070148,
      0.08825706616044045,
      0.07131577892736955,
      0.07234942848709497,
      0.06853353179652583,
      0.06559181629934094,
      0.06747877120294354,
      0.05879331017759713
    ],