{
  "TransE": {
    "train_losses": [
      0.7737044095993042,
      0.5709309826294581,
      0.49314472134466525,
      0.4521702119597682,
      0.41754794893441377,
      0.404899752802319,
      0.3769212045051433,
      0.35943785144223106,
      0.3622270099542759,
      0.3425874696285636
    ],
    "val_losses": [
      0.6490023050989423,
      0.5641553912843976,
      0.4975667084966387,
      0.48190358706883024,
      0.46415261711393085,
      0.45765499557767597,
      0.45427390933036804,
      0.4162316748074123,
      0.4016736490385873,
      0.40893048899514334
    ],
    "metrics": {
      "accuracy": 0.5,
      "precision": 0.0,
      "recall": 0.0,
      "f1_score": 0.0,
      "roc_auc": 0.1214306640625,
      "average_precision": 0.33254819631944316,
      "mse": 0.46312788128852844,
      "mae": 0.5178819894790649,
      "r2_score": -0.8525115251541138
    }
  },
  "DistMult": {
    "train_losses": [
      0.6906571719381545,
      0.6730974239331705,
      0.616803413188016,
      0.5338280399640402,
      0.47324107201011095,
      0.4405758673394168,
      0.4181979232364231,
      0.3975279524370476,
      0.3765183869335387,
      0.36362751600918947
    ],
    "val_losses": [
      0.6865222539220538,
      0.6547328318868365,
      0.5803671649524144,
      0.5072115319115775,
      0.46649967772620066,
      0.451744373355593,
      0.4287101115499224,
      0.4215907709939139,
      0.4145822141851698,
      0.4035043162958963
    ],
    "metrics": {
      "accuracy": 0.853125,
      "precision": 0.818609022556391,
      "recall": 0.9072916666666667,
      "f1_score": 0.8606719367588933,
      "roc_auc": 0.9519873046875,
      "average_precision": 0.9589144150582987,
      "mse": 0.13288304209709167,
      "mae": 0.2874287962913513,
      "r2_score": 0.4684678316116333
    }
  },
  "SimpleSimilarity": {
    "train_losses": [
      0.6650295202378873,
      0.6323258821611051,
      0.5907517859229335,
      0.5491278419891993,
      0.5191052622265286,
      0.49817521649378316,
      0.4895655783238234,
      0.4826820774210824,
      0.4790074262354109,
      0.4747150402378153
    ],
    "val_losses": [
      0.6487644399915423,
      0.6186689223561969,
      0.5856265851429531,
      0.5531453916004726,
      0.5319106961999621,
      0.5231486644063678,
      0.5282362954957145,
      0.5206951584134784,
      0.5167344382831028,
      0.5169009864330292
    ],
    "metrics": {
      "accuracy": 0.7760416666666666,
      "precision": 0.8045977011494253,
      "recall": 0.7291666666666666,
      "f1_score": 0.7650273224043715,
      "roc_auc": 0.871804470486111,
      "average_precision": 0.9022597539522085,
      "mse": 0.13601836562156677,
      "mae": 0.2352355420589447,
      "r2_score": 0.4559265375137329
    }
  }
}